Product 1,"1 Descripiton Lorem ipsum dolor sit amet, consectetur adipiscing elit, s",10,1
Product 2,"2 Descripiton Lorem ipsum dolor sit amet, consectetur adipiscing elit, s",20,2
Product 3,"3 Descripiton Lorem ipsum dolor sit amet, consectetur adipiscing elit, s",30,3
Product 4,"4 Descripiton Lorem ipsum dolor sit amet, consectetur adipiscing elit, s",40,4
Product 5,"5 Descripiton Lorem ipsum dolor sit amet, consectetur adipiscing elit, s",50,5
Product 6,"6 Descripiton Lorem ipsum dolor sit amet, consectetur adipiscing elit, s",60,1
Product 7,"7 Descripiton Lorem ipsum dolor sit amet, consectetur adipiscing elit, s",70,2
Product 8,"8 Descripiton Lorem ipsum dolor sit amet, consectetur adipiscing elit, s",80,3
Product 9,"9 Descripiton Lorem ipsum dolor sit amet, consectetur adipiscing elit, s",90,4
Product 10,"10 Descripiton Lorem ipsum dolor sit amet, consectetur adipiscing elit, s",100,5
Product 11,"11 Descripiton Lorem ipsum dolor sit amet, consectetur adipiscing elit, s",110,1
Product 12,"12 Descripiton Lorem ipsum dolor sit amet, consectetur adipiscing elit, s",120,2
Product 13,"13 Descripiton Lorem ipsum dolor sit amet, consectetur adipiscing elit, s",130,3
Product 14,"14 Descripiton Lorem ipsum dolor sit amet, consectetur adipiscing elit, s",140,4
Product 15,"15 Descripiton Lorem ipsum dolor sit amet, consectetur adipiscing elit, s",150,5